<?xml version="1.0" encoding="UTF-8"?>
<export version="D">
  <design>
    <source>C:/Users/Tobi/Documents/School/SatelliteDesignClub/CubeSat-Radio-v0.1/SFUSat-Radio.sch</source>
    <date>1/22/2017 1:24:18 PM</date>
    <tool>Eeschema 4.0.1-stable</tool>
    <sheet number="1" name="/" tstamps="/">
      <title_block>
        <title/>
        <company/>
        <rev/>
        <date/>
        <source>SFUSat-Radio.sch</source>
        <comment number="1" value=""/>
        <comment number="2" value=""/>
        <comment number="3" value=""/>
        <comment number="4" value=""/>
      </title_block>
    </sheet>
    <sheet number="2" name="/Transceiver/" tstamps="/5821BF4E/">
      <title_block>
        <title/>
        <company/>
        <rev/>
        <date/>
        <source>Transceiver.sch</source>
        <comment number="1" value=""/>
        <comment number="2" value=""/>
        <comment number="3" value=""/>
        <comment number="4" value=""/>
      </title_block>
    </sheet>
    <sheet number="3" name="/Front_End/" tstamps="/58222D4C/">
      <title_block>
        <title/>
        <company/>
        <rev/>
        <date/>
        <source>Front_End.sch</source>
        <comment number="1" value=""/>
        <comment number="2" value=""/>
        <comment number="3" value=""/>
        <comment number="4" value=""/>
      </title_block>
    </sheet>
    <sheet number="4" name="/Power/" tstamps="/586B9E11/">
      <title_block>
        <title/>
        <company/>
        <rev/>
        <date/>
        <source>Power.sch</source>
        <comment number="1" value=""/>
        <comment number="2" value=""/>
        <comment number="3" value=""/>
        <comment number="4" value=""/>
      </title_block>
    </sheet>
  </design>
  <components>
    <comp ref="P1">
      <value>CONN_02X05</value>
      <footprint>Socket_Strips:Socket_Strip_Straight_2x05</footprint>
      <libsource lib="conn" part="CONN_02X05"/>
      <sheetpath names="/" tstamps="/"/>
      <tstamp>587CD1D3</tstamp>
    </comp>
    <comp ref="U1">
      <value>2N7002DW</value>
      <footprint>SFUSat-Radio:SOT-363</footprint>
      <libsource lib="SFUSat-Radio" part="2N7002DW"/>
      <sheetpath names="/" tstamps="/"/>
      <tstamp>587E8AE8</tstamp>
    </comp>
    <comp ref="D1">
      <value>GREEN</value>
      <footprint>SFUSat-Radio:LED_0603</footprint>
      <libsource lib="device" part="LED"/>
      <sheetpath names="/" tstamps="/"/>
      <tstamp>587E94F9</tstamp>
    </comp>
    <comp ref="R1">
      <value>R</value>
      <footprint>Resistors_SMD:R_0402</footprint>
      <libsource lib="device" part="R"/>
      <sheetpath names="/" tstamps="/"/>
      <tstamp>587EAD14</tstamp>
    </comp>
    <comp ref="R2">
      <value>R</value>
      <footprint>Resistors_SMD:R_0402</footprint>
      <libsource lib="device" part="R"/>
      <sheetpath names="/" tstamps="/"/>
      <tstamp>587EC56D</tstamp>
    </comp>
    <comp ref="D2">
      <value>RED</value>
      <footprint>SFUSat-Radio:LED_0603</footprint>
      <libsource lib="device" part="LED"/>
      <sheetpath names="/" tstamps="/"/>
      <tstamp>587EC634</tstamp>
    </comp>
    <comp ref="D3">
      <value>ORANGE</value>
      <footprint>SFUSat-Radio:LED_0603</footprint>
      <libsource lib="device" part="LED"/>
      <sheetpath names="/" tstamps="/"/>
      <tstamp>587F1822</tstamp>
    </comp>
    <comp ref="R3">
      <value>R</value>
      <footprint>Resistors_SMD:R_0402</footprint>
      <libsource lib="device" part="R"/>
      <sheetpath names="/" tstamps="/"/>
      <tstamp>587F1910</tstamp>
    </comp>
    <comp ref="J1">
      <value>SMA</value>
      <footprint>SFUSat-Radio:SMA_EDGE</footprint>
      <libsource lib="SFUSat-Radio" part="SMA"/>
      <sheetpath names="/" tstamps="/"/>
      <tstamp>5883A1B6</tstamp>
    </comp>
    <comp ref="U2">
      <value>CC1125</value>
      <footprint>SFUSat-Radio:PVQFN-N32</footprint>
      <libsource lib="SFUSat-Radio" part="CC1125"/>
      <sheetpath names="/Transceiver/" tstamps="/5821BF4E/"/>
      <tstamp>5821C806</tstamp>
    </comp>
    <comp ref="C1">
      <value>47nF</value>
      <footprint>Capacitors_SMD:C_0402</footprint>
      <libsource lib="device" part="C"/>
      <sheetpath names="/Transceiver/" tstamps="/5821BF4E/"/>
      <tstamp>5821C80D</tstamp>
    </comp>
    <comp ref="C2">
      <value>47nF</value>
      <footprint>Capacitors_SMD:C_0402</footprint>
      <libsource lib="device" part="C"/>
      <sheetpath names="/Transceiver/" tstamps="/5821BF4E/"/>
      <tstamp>5821C814</tstamp>
    </comp>
    <comp ref="C3">
      <value>220nF</value>
      <footprint>Capacitors_SMD:C_0402</footprint>
      <libsource lib="device" part="C"/>
      <sheetpath names="/Transceiver/" tstamps="/5821BF4E/"/>
      <tstamp>5821C81B</tstamp>
    </comp>
    <comp ref="C10">
      <value>47nF</value>
      <footprint>Capacitors_SMD:C_0402</footprint>
      <libsource lib="device" part="C"/>
      <sheetpath names="/Transceiver/" tstamps="/5821BF4E/"/>
      <tstamp>5821C842</tstamp>
    </comp>
    <comp ref="C12">
      <value>47nF</value>
      <footprint>Capacitors_SMD:C_0402</footprint>
      <libsource lib="device" part="C"/>
      <sheetpath names="/Transceiver/" tstamps="/5821BF4E/"/>
      <tstamp>5821C84F</tstamp>
    </comp>
    <comp ref="C13">
      <value>47nF</value>
      <footprint>Capacitors_SMD:C_0402</footprint>
      <libsource lib="device" part="C"/>
      <sheetpath names="/Transceiver/" tstamps="/5821BF4E/"/>
      <tstamp>5821C85C</tstamp>
    </comp>
    <comp ref="C6">
      <value>47nF</value>
      <footprint>Capacitors_SMD:C_0402</footprint>
      <libsource lib="device" part="C"/>
      <sheetpath names="/Transceiver/" tstamps="/5821BF4E/"/>
      <tstamp>5821C869</tstamp>
    </comp>
    <comp ref="C7">
      <value>47nF</value>
      <footprint>Capacitors_SMD:C_0402</footprint>
      <libsource lib="device" part="C"/>
      <sheetpath names="/Transceiver/" tstamps="/5821BF4E/"/>
      <tstamp>5821C883</tstamp>
    </comp>
    <comp ref="C11">
      <value>47nF</value>
      <footprint>Capacitors_SMD:C_0402</footprint>
      <libsource lib="device" part="C"/>
      <sheetpath names="/Transceiver/" tstamps="/5821BF4E/"/>
      <tstamp>5821C890</tstamp>
    </comp>
    <comp ref="R7">
      <value>56k</value>
      <footprint>Resistors_SMD:R_0402</footprint>
      <libsource lib="device" part="R"/>
      <sheetpath names="/Transceiver/" tstamps="/5821BF4E/"/>
      <tstamp>5821C8A1</tstamp>
    </comp>
    <comp ref="C14">
      <value>1.8nF</value>
      <footprint>Capacitors_SMD:C_0402</footprint>
      <libsource lib="device" part="C"/>
      <sheetpath names="/Transceiver/" tstamps="/5821BF4E/"/>
      <tstamp>5821C8AF</tstamp>
    </comp>
    <comp ref="C15">
      <value>47nF</value>
      <footprint>Capacitors_SMD:C_0402</footprint>
      <libsource lib="device" part="C"/>
      <sheetpath names="/Transceiver/" tstamps="/5821BF4E/"/>
      <tstamp>5821C8B6</tstamp>
    </comp>
    <comp ref="C16">
      <value>10nF</value>
      <footprint>Capacitors_SMD:C_0402</footprint>
      <libsource lib="device" part="C"/>
      <sheetpath names="/Transceiver/" tstamps="/5821BF4E/"/>
      <tstamp>5821C8C3</tstamp>
    </comp>
    <comp ref="C5">
      <value>10pF</value>
      <footprint>Capacitors_SMD:C_0402</footprint>
      <libsource lib="device" part="C"/>
      <sheetpath names="/Transceiver/" tstamps="/5821BF4E/"/>
      <tstamp>5821C9DD</tstamp>
    </comp>
    <comp ref="C4">
      <value>100nF</value>
      <footprint>Capacitors_SMD:C_0402</footprint>
      <libsource lib="device" part="C"/>
      <sheetpath names="/Transceiver/" tstamps="/5821BF4E/"/>
      <tstamp>5821C9F3</tstamp>
    </comp>
    <comp ref="U3">
      <value>BALF-112X-02D3</value>
      <footprint>SFUSat-Radio:CSPG_04</footprint>
      <libsource lib="SFUSat-Radio" part="BALF-112X-02D3"/>
      <sheetpath names="/Transceiver/" tstamps="/5821BF4E/"/>
      <tstamp>5872ECD2</tstamp>
    </comp>
    <comp ref="C18">
      <value>C</value>
      <footprint>Capacitors_SMD:C_0402</footprint>
      <libsource lib="device" part="C"/>
      <sheetpath names="/Transceiver/" tstamps="/5821BF4E/"/>
      <tstamp>5872F1B7</tstamp>
    </comp>
    <comp ref="C17">
      <value>C</value>
      <footprint>Capacitors_SMD:C_0402</footprint>
      <libsource lib="device" part="C"/>
      <sheetpath names="/Transceiver/" tstamps="/5821BF4E/"/>
      <tstamp>5872F218</tstamp>
    </comp>
    <comp ref="L1">
      <value>INDUCTOR</value>
      <footprint>Capacitors_SMD:C_0402</footprint>
      <libsource lib="device" part="INDUCTOR"/>
      <sheetpath names="/Transceiver/" tstamps="/5821BF4E/"/>
      <tstamp>5872F263</tstamp>
    </comp>
    <comp ref="R8">
      <value>R</value>
      <footprint>Resistors_SMD:R_0402</footprint>
      <libsource lib="device" part="R"/>
      <sheetpath names="/Transceiver/" tstamps="/5821BF4E/"/>
      <tstamp>5872F4E3</tstamp>
    </comp>
    <comp ref="C19">
      <value>47pF</value>
      <footprint>Capacitors_SMD:C_0402</footprint>
      <libsource lib="device" part="C"/>
      <sheetpath names="/Transceiver/" tstamps="/5821BF4E/"/>
      <tstamp>58738289</tstamp>
    </comp>
    <comp ref="C20">
      <value>47pF</value>
      <footprint>Capacitors_SMD:C_0402</footprint>
      <libsource lib="device" part="C"/>
      <sheetpath names="/Transceiver/" tstamps="/5821BF4E/"/>
      <tstamp>58739626</tstamp>
    </comp>
    <comp ref="C21">
      <value>47pF</value>
      <footprint>Capacitors_SMD:C_0402</footprint>
      <libsource lib="device" part="C"/>
      <sheetpath names="/Transceiver/" tstamps="/5821BF4E/"/>
      <tstamp>58739709</tstamp>
    </comp>
    <comp ref="U4">
      <value>SKY13372-467LF</value>
      <footprint>SFUSat-Radio:QFN-16_650P</footprint>
      <libsource lib="SFUSat-Radio" part="SKY13372-467LF"/>
      <sheetpath names="/Transceiver/" tstamps="/5821BF4E/"/>
      <tstamp>587373A4</tstamp>
    </comp>
    <comp ref="X1">
      <value>KT2520K40000DAW18TAS</value>
      <footprint>SFUSat-Radio:DFN-6</footprint>
      <libsource lib="SFUSat-Radio" part="KT2520K40000DAW18TAS"/>
      <sheetpath names="/Transceiver/" tstamps="/5821BF4E/"/>
      <tstamp>58734E44</tstamp>
    </comp>
    <comp ref="W2">
      <value>TEST_1P</value>
      <footprint>Measurement_Points:Measurement_Point_Round-SMD-Pad_Small</footprint>
      <libsource lib="conn" part="TEST_1P"/>
      <sheetpath names="/Transceiver/" tstamps="/5821BF4E/"/>
      <tstamp>5881B2B5</tstamp>
    </comp>
    <comp ref="W1">
      <value>TEST_1P</value>
      <footprint>Measurement_Points:Measurement_Point_Round-SMD-Pad_Small</footprint>
      <libsource lib="conn" part="TEST_1P"/>
      <sheetpath names="/Transceiver/" tstamps="/5821BF4E/"/>
      <tstamp>5881CC09</tstamp>
    </comp>
    <comp ref="C8">
      <value>47nF</value>
      <footprint>Capacitors_SMD:C_0402</footprint>
      <libsource lib="device" part="C"/>
      <sheetpath names="/Transceiver/" tstamps="/5821BF4E/"/>
      <tstamp>58834AA4</tstamp>
    </comp>
    <comp ref="U5">
      <value>SKY65366-21</value>
      <footprint>SFUSat-Radio:MCM-28</footprint>
      <libsource lib="SFUSat-Radio" part="SKY65366-21"/>
      <sheetpath names="/Front_End/" tstamps="/58222D4C/"/>
      <tstamp>58719E85</tstamp>
    </comp>
    <comp ref="C25">
      <value>220pF</value>
      <footprint>Capacitors_SMD:C_0402</footprint>
      <libsource lib="device" part="C"/>
      <sheetpath names="/Front_End/" tstamps="/58222D4C/"/>
      <tstamp>5871B9DF</tstamp>
    </comp>
    <comp ref="C26">
      <value>1nF</value>
      <footprint>Capacitors_SMD:C_0402</footprint>
      <libsource lib="device" part="C"/>
      <sheetpath names="/Front_End/" tstamps="/58222D4C/"/>
      <tstamp>5871BA4C</tstamp>
    </comp>
    <comp ref="C27">
      <value>1uF</value>
      <footprint>Capacitors_SMD:C_0402</footprint>
      <libsource lib="device" part="C"/>
      <sheetpath names="/Front_End/" tstamps="/58222D4C/"/>
      <tstamp>5871BAAB</tstamp>
    </comp>
    <comp ref="C24">
      <value>220pF</value>
      <footprint>Capacitors_SMD:C_0402</footprint>
      <libsource lib="device" part="C"/>
      <sheetpath names="/Front_End/" tstamps="/58222D4C/"/>
      <tstamp>5871BCCF</tstamp>
    </comp>
    <comp ref="C23">
      <value>10nF</value>
      <footprint>Capacitors_SMD:C_0402</footprint>
      <libsource lib="device" part="C"/>
      <sheetpath names="/Front_End/" tstamps="/58222D4C/"/>
      <tstamp>5871BD40</tstamp>
    </comp>
    <comp ref="C29">
      <value>3pF</value>
      <footprint>Capacitors_SMD:C_0402</footprint>
      <libsource lib="device" part="C"/>
      <sheetpath names="/Front_End/" tstamps="/58222D4C/"/>
      <tstamp>5871C0B1</tstamp>
    </comp>
    <comp ref="C28">
      <value>8.2pF</value>
      <footprint>Capacitors_SMD:C_0402</footprint>
      <libsource lib="device" part="C"/>
      <sheetpath names="/Front_End/" tstamps="/58222D4C/"/>
      <tstamp>5871C0F0</tstamp>
    </comp>
    <comp ref="C30">
      <value>8.2pF</value>
      <footprint>Capacitors_SMD:C_0402</footprint>
      <libsource lib="device" part="C"/>
      <sheetpath names="/Front_End/" tstamps="/58222D4C/"/>
      <tstamp>5871C127</tstamp>
    </comp>
    <comp ref="L2">
      <value>12nH</value>
      <footprint>Capacitors_SMD:C_0402</footprint>
      <libsource lib="device" part="INDUCTOR"/>
      <sheetpath names="/Front_End/" tstamps="/58222D4C/"/>
      <tstamp>5871C1AA</tstamp>
    </comp>
    <comp ref="R9">
      <value>0</value>
      <footprint>Resistors_SMD:R_0402</footprint>
      <libsource lib="device" part="R"/>
      <sheetpath names="/Front_End/" tstamps="/58222D4C/"/>
      <tstamp>5871C966</tstamp>
    </comp>
    <comp ref="C22">
      <value>4.7nF</value>
      <footprint>Capacitors_SMD:C_0402</footprint>
      <libsource lib="device" part="C"/>
      <sheetpath names="/Front_End/" tstamps="/58222D4C/"/>
      <tstamp>5871CCE4</tstamp>
    </comp>
    <comp ref="R10">
      <value>R</value>
      <footprint>Resistors_SMD:R_0402</footprint>
      <libsource lib="device" part="R"/>
      <sheetpath names="/Front_End/" tstamps="/58222D4C/"/>
      <tstamp>587C3C10</tstamp>
    </comp>
    <comp ref="RV1">
      <value>POT</value>
      <footprint>SFUSat-Radio:TC33_SMD</footprint>
      <libsource lib="device" part="POT"/>
      <sheetpath names="/Front_End/" tstamps="/58222D4C/"/>
      <tstamp>587CA745</tstamp>
    </comp>
    <comp ref="SW3">
      <value>JS202011SCQN</value>
      <footprint>SFUSat-Radio:JS2020_TH</footprint>
      <libsource lib="SFUSat-Radio" part="JS202011SCQN"/>
      <sheetpath names="/Front_End/" tstamps="/58222D4C/"/>
      <tstamp>58828A5A</tstamp>
    </comp>
    <comp ref="P3">
      <value>CONN_01X03</value>
      <footprint>Socket_Strips:Socket_Strip_Straight_1x03</footprint>
      <libsource lib="conn" part="CONN_01X03"/>
      <sheetpath names="/Front_End/" tstamps="/58222D4C/"/>
      <tstamp>5881FCF5</tstamp>
    </comp>
    <comp ref="P2">
      <value>CONN_01X03</value>
      <footprint>Socket_Strips:Socket_Strip_Straight_1x03</footprint>
      <libsource lib="conn" part="CONN_01X03"/>
      <sheetpath names="/Front_End/" tstamps="/58222D4C/"/>
      <tstamp>5881FDBC</tstamp>
    </comp>
    <comp ref="W3">
      <value>TEST_1P</value>
      <footprint>Measurement_Points:Measurement_Point_Round-SMD-Pad_Small</footprint>
      <libsource lib="conn" part="TEST_1P"/>
      <sheetpath names="/Front_End/" tstamps="/58222D4C/"/>
      <tstamp>58821DE8</tstamp>
    </comp>
    <comp ref="U9">
      <value>RT9183</value>
      <footprint>TO_SOT_Packages_SMD:TO-263-5Lead</footprint>
      <libsource lib="SFUSat-Radio" part="RT9183"/>
      <sheetpath names="/Power/" tstamps="/586B9E11/"/>
      <tstamp>58770580</tstamp>
    </comp>
    <comp ref="C34">
      <value>10uF</value>
      <footprint>Capacitors_SMD:C_0402</footprint>
      <libsource lib="device" part="C"/>
      <sheetpath names="/Power/" tstamps="/586B9E11/"/>
      <tstamp>587706B0</tstamp>
    </comp>
    <comp ref="C31">
      <value>0.1uF</value>
      <footprint>Capacitors_SMD:C_0402</footprint>
      <libsource lib="device" part="C"/>
      <sheetpath names="/Power/" tstamps="/586B9E11/"/>
      <tstamp>58770789</tstamp>
    </comp>
    <comp ref="C39">
      <value>10uF</value>
      <footprint>Capacitors_SMD:C_0402</footprint>
      <libsource lib="device" part="C"/>
      <sheetpath names="/Power/" tstamps="/586B9E11/"/>
      <tstamp>58770AC4</tstamp>
    </comp>
    <comp ref="R12">
      <value>285.71</value>
      <footprint>Resistors_SMD:R_0402</footprint>
      <libsource lib="device" part="R"/>
      <sheetpath names="/Power/" tstamps="/586B9E11/"/>
      <tstamp>58770EF4</tstamp>
    </comp>
    <comp ref="R11">
      <value>1k</value>
      <footprint>Resistors_SMD:R_0402</footprint>
      <libsource lib="device" part="R"/>
      <sheetpath names="/Power/" tstamps="/586B9E11/"/>
      <tstamp>58770EC5</tstamp>
    </comp>
    <comp ref="U7">
      <value>TPS799</value>
      <footprint>SFUSat-Radio:PDSO-G5</footprint>
      <libsource lib="SFUSat-Radio" part="TPS799"/>
      <sheetpath names="/Power/" tstamps="/586B9E11/"/>
      <tstamp>5879CF29</tstamp>
    </comp>
    <comp ref="C36">
      <value>DNP</value>
      <footprint>Capacitors_SMD:C_0402</footprint>
      <libsource lib="device" part="C"/>
      <sheetpath names="/Power/" tstamps="/586B9E11/"/>
      <tstamp>5879DA48</tstamp>
    </comp>
    <comp ref="C37">
      <value>2.2uF</value>
      <footprint>Capacitors_SMD:C_0402</footprint>
      <libsource lib="device" part="C"/>
      <sheetpath names="/Power/" tstamps="/586B9E11/"/>
      <tstamp>5879DAAB</tstamp>
    </comp>
    <comp ref="C32">
      <value>0.1uF</value>
      <footprint>Capacitors_SMD:C_0402</footprint>
      <libsource lib="device" part="C"/>
      <sheetpath names="/Power/" tstamps="/586B9E11/"/>
      <tstamp>5879E323</tstamp>
    </comp>
    <comp ref="U8">
      <value>TPS799</value>
      <footprint>SFUSat-Radio:PDSO-G5</footprint>
      <libsource lib="SFUSat-Radio" part="TPS799"/>
      <sheetpath names="/Power/" tstamps="/586B9E11/"/>
      <tstamp>587A1254</tstamp>
    </comp>
    <comp ref="C33">
      <value>0.1uF</value>
      <footprint>Capacitors_SMD:C_0402</footprint>
      <libsource lib="device" part="C"/>
      <sheetpath names="/Power/" tstamps="/586B9E11/"/>
      <tstamp>587A1577</tstamp>
    </comp>
    <comp ref="C35">
      <value>DNP</value>
      <footprint>Capacitors_SMD:C_0402</footprint>
      <libsource lib="device" part="C"/>
      <sheetpath names="/Power/" tstamps="/586B9E11/"/>
      <tstamp>587A1EB3</tstamp>
    </comp>
    <comp ref="C38">
      <value>2.2uF</value>
      <footprint>Capacitors_SMD:C_0402</footprint>
      <libsource lib="device" part="C"/>
      <sheetpath names="/Power/" tstamps="/586B9E11/"/>
      <tstamp>587A204E</tstamp>
    </comp>
    <comp ref="P4">
      <value>CONN_01X03</value>
      <footprint>Socket_Strips:Socket_Strip_Straight_1x03</footprint>
      <libsource lib="conn" part="CONN_01X03"/>
      <sheetpath names="/Power/" tstamps="/586B9E11/"/>
      <tstamp>588180C4</tstamp>
    </comp>
    <comp ref="W4">
      <value>TEST_1P</value>
      <footprint>Measurement_Points:Measurement_Point_Round-SMD-Pad_Small</footprint>
      <libsource lib="conn" part="TEST_1P"/>
      <sheetpath names="/Power/" tstamps="/586B9E11/"/>
      <tstamp>588228DF</tstamp>
    </comp>
    <comp ref="W5">
      <value>TEST_1P</value>
      <footprint>Measurement_Points:Measurement_Point_Round-SMD-Pad_Small</footprint>
      <libsource lib="conn" part="TEST_1P"/>
      <sheetpath names="/Power/" tstamps="/586B9E11/"/>
      <tstamp>58822942</tstamp>
    </comp>
    <comp ref="W6">
      <value>TEST_1P</value>
      <footprint>Measurement_Points:Measurement_Point_Round-SMD-Pad_Small</footprint>
      <libsource lib="conn" part="TEST_1P"/>
      <sheetpath names="/Power/" tstamps="/586B9E11/"/>
      <tstamp>5882298D</tstamp>
    </comp>
  </components>
  <libparts>
    <libpart lib="SFUSat-Radio" part="2N7002DW">
      <fields>
        <field name="Reference">U</field>
        <field name="Value">2N7002DW</field>
      </fields>
      <pins>
        <pin num="1" name="S2" type="passive"/>
        <pin num="2" name="G2" type="input"/>
        <pin num="3" name="D1" type="openCol"/>
        <pin num="4" name="S1" type="passive"/>
        <pin num="5" name="G1" type="input"/>
        <pin num="6" name="D2" type="openCol"/>
      </pins>
    </libpart>
    <libpart lib="SFUSat-Radio" part="BALF-112X-02D3">
      <fields>
        <field name="Reference">U</field>
        <field name="Value">BALF-112X-02D3</field>
      </fields>
      <pins>
        <pin num="A1" name="GND" type="passive"/>
        <pin num="A3" name="LNA+" type="output"/>
        <pin num="B3" name="LAN-" type="output"/>
        <pin num="C1" name="ANT" type="BiDi"/>
        <pin num="D3" name="TRX_SWITCH" type="input"/>
        <pin num="E1" name="GND" type="passive"/>
        <pin num="E2" name="PA_C" type="output"/>
        <pin num="E3" name="PA_OUT" type="input"/>
      </pins>
    </libpart>
    <libpart lib="device" part="C">
      <description>Unpolarized capacitor</description>
      <footprints>
        <fp>C?</fp>
        <fp>C_????_*</fp>
        <fp>C_????</fp>
        <fp>SMD*_c</fp>
        <fp>Capacitor*</fp>
      </footprints>
      <fields>
        <field name="Reference">C</field>
        <field name="Value">C</field>
      </fields>
      <pins>
        <pin num="1" name="~" type="passive"/>
        <pin num="2" name="~" type="passive"/>
      </pins>
    </libpart>
    <libpart lib="SFUSat-Radio" part="CC1125">
      <fields>
        <field name="Reference">U</field>
        <field name="Value">CC1125</field>
      </fields>
      <pins>
        <pin num="1" name="AVDD_GUARD" type="power_in"/>
        <pin num="2" name="RESET_N" type="input"/>
        <pin num="3" name="GPIO3" type="BiDi"/>
        <pin num="4" name="GPIO2" type="BiDi"/>
        <pin num="5" name="DVDD" type="power_in"/>
        <pin num="6" name="DCPL_DREG" type="power_in"/>
        <pin num="7" name="SI" type="input"/>
        <pin num="8" name="SCLK" type="input"/>
        <pin num="9" name="SO/GPIO1" type="BiDi"/>
        <pin num="10" name="GPIO0" type="BiDi"/>
        <pin num="11" name="CSn" type="input"/>
        <pin num="12" name="DVDD" type="power_in"/>
        <pin num="13" name="AVDD_IF" type="power_in"/>
        <pin num="14" name="RBIAS" type="passive"/>
        <pin num="15" name="AVDD_FRONTEND" type="power_in"/>
        <pin num="16" name="NC" type="NotConnected"/>
        <pin num="17" name="PA" type="output"/>
        <pin num="18" name="TRX_SW" type="openCol"/>
        <pin num="19" name="LNA_P" type="input"/>
        <pin num="20" name="LNA_N" type="input"/>
        <pin num="21" name="DCPL_VCO" type="output"/>
        <pin num="22" name="AVDD_SYNTH" type="power_in"/>
        <pin num="23" name="LCF_0" type="output"/>
        <pin num="24" name="LFC_1" type="output"/>
        <pin num="25" name="AVDD_PFO_CHP" type="power_in"/>
        <pin num="26" name="DCPL_PFO_CHP" type="power_out"/>
        <pin num="27" name="AVDD_SYNTH_CMOS" type="power_in"/>
        <pin num="28" name="AVDD_XOSC" type="power_in"/>
        <pin num="29" name="DCPL_XOSC" type="power_out"/>
        <pin num="30" name="XOSC_Q1" type="BiDi"/>
        <pin num="31" name="XOSC_Q2" type="BiDi"/>
        <pin num="32" name="EXT_XOSC" type="input"/>
        <pin num="33" name="GND" type="passive"/>
      </pins>
    </libpart>
    <libpart lib="conn" part="CONN_01X03">
      <description>Connector 01x03</description>
      <footprints>
        <fp>Pin_Header_Straight_1X03</fp>
        <fp>Pin_Header_Angled_1X03</fp>
        <fp>Socket_Strip_Straight_1X03</fp>
        <fp>Socket_Strip_Angled_1X03</fp>
      </footprints>
      <fields>
        <field name="Reference">P</field>
        <field name="Value">CONN_01X03</field>
      </fields>
      <pins>
        <pin num="1" name="P1" type="passive"/>
        <pin num="2" name="P2" type="passive"/>
        <pin num="3" name="P3" type="passive"/>
      </pins>
    </libpart>
    <libpart lib="conn" part="CONN_02X05">
      <description>Connector 02x05</description>
      <footprints>
        <fp>Pin_Header_Straight_2X05</fp>
        <fp>Pin_Header_Angled_2X05</fp>
        <fp>Socket_Strip_Straight_2X05</fp>
        <fp>Socket_Strip_Angled_2X05</fp>
      </footprints>
      <fields>
        <field name="Reference">P</field>
        <field name="Value">CONN_02X05</field>
      </fields>
      <pins>
        <pin num="1" name="P1" type="passive"/>
        <pin num="2" name="P2" type="passive"/>
        <pin num="3" name="P3" type="passive"/>
        <pin num="4" name="P4" type="passive"/>
        <pin num="5" name="P5" type="passive"/>
        <pin num="6" name="P6" type="passive"/>
        <pin num="7" name="P7" type="passive"/>
        <pin num="8" name="P8" type="passive"/>
        <pin num="9" name="P9" type="passive"/>
        <pin num="10" name="P10" type="passive"/>
      </pins>
    </libpart>
    <libpart lib="device" part="INDUCTOR">
      <fields>
        <field name="Reference">L</field>
        <field name="Value">INDUCTOR</field>
      </fields>
      <pins>
        <pin num="1" name="1" type="passive"/>
        <pin num="2" name="2" type="passive"/>
      </pins>
    </libpart>
    <libpart lib="SFUSat-Radio" part="JS202011SCQN">
      <fields>
        <field name="Reference">SW</field>
        <field name="Value">JS202011SCQN</field>
      </fields>
      <pins>
        <pin num="1" name="S2_ON" type="passive"/>
        <pin num="2" name="C2" type="passive"/>
        <pin num="3" name="S2_OFF" type="passive"/>
        <pin num="4" name="S1_ON" type="passive"/>
        <pin num="5" name="C1" type="passive"/>
        <pin num="6" name="S1_OFF" type="passive"/>
      </pins>
    </libpart>
    <libpart lib="SFUSat-Radio" part="KT2520K40000DAW18TAS">
      <fields>
        <field name="Reference">X</field>
        <field name="Value">KT2520K40000DAW18TAS</field>
      </fields>
      <pins>
        <pin num="1" name="GND" type="input"/>
        <pin num="2" name="NC" type="NotConnected"/>
        <pin num="3" name="GND" type="input"/>
        <pin num="4" name="OUT" type="output"/>
        <pin num="5" name="NC" type="NotConnected"/>
        <pin num="6" name="VCC" type="power_in"/>
      </pins>
    </libpart>
    <libpart lib="device" part="LED">
      <footprints>
        <fp>LED-3MM</fp>
        <fp>LED-5MM</fp>
        <fp>LED-10MM</fp>
        <fp>LED-0603</fp>
        <fp>LED-0805</fp>
        <fp>LED-1206</fp>
        <fp>LEDV</fp>
      </footprints>
      <fields>
        <field name="Reference">D</field>
        <field name="Value">LED</field>
      </fields>
      <pins>
        <pin num="1" name="K" type="passive"/>
        <pin num="2" name="A" type="passive"/>
      </pins>
    </libpart>
    <libpart lib="device" part="POT">
      <description>Potentionmetre</description>
      <fields>
        <field name="Reference">RV</field>
        <field name="Value">POT</field>
      </fields>
      <pins>
        <pin num="1" name="1" type="passive"/>
        <pin num="2" name="2" type="passive"/>
        <pin num="3" name="3" type="passive"/>
      </pins>
    </libpart>
    <libpart lib="device" part="R">
      <description>Resistor</description>
      <footprints>
        <fp>R_*</fp>
        <fp>Resistor_*</fp>
      </footprints>
      <fields>
        <field name="Reference">R</field>
        <field name="Value">R</field>
      </fields>
      <pins>
        <pin num="1" name="~" type="passive"/>
        <pin num="2" name="~" type="passive"/>
      </pins>
    </libpart>
    <libpart lib="SFUSat-Radio" part="RT9183">
      <fields>
        <field name="Reference">U</field>
        <field name="Value">RT9183</field>
      </fields>
      <pins>
        <pin num="1" name="EN" type="input"/>
        <pin num="2" name="VIN" type="power_in"/>
        <pin num="3" name="GND" type="power_in"/>
        <pin num="4" name="VOUT" type="power_out"/>
        <pin num="5" name="ADJ" type="input"/>
      </pins>
    </libpart>
    <libpart lib="SFUSat-Radio" part="SKY13372-467LF">
      <fields>
        <field name="Reference">U</field>
        <field name="Value">SKY13372-467LF</field>
      </fields>
      <pins>
        <pin num="1" name="VDD" type="power_in"/>
        <pin num="2" name="VCTL" type="input"/>
        <pin num="3" name="RFC" type="input"/>
        <pin num="4" name="GND" type="input"/>
        <pin num="5" name="GND" type="input"/>
        <pin num="6" name="GND" type="input"/>
        <pin num="7" name="GND" type="input"/>
        <pin num="8" name="GND" type="input"/>
        <pin num="9" name="J2" type="BiDi"/>
        <pin num="10" name="GND" type="input"/>
        <pin num="11" name="GND" type="input"/>
        <pin num="12" name="J1" type="BiDi"/>
        <pin num="13" name="GND" type="input"/>
        <pin num="14" name="GND" type="input"/>
        <pin num="15" name="GND" type="input"/>
        <pin num="16" name="GND" type="input"/>
        <pin num="17" name="PAD" type="passive"/>
      </pins>
    </libpart>
    <libpart lib="SFUSat-Radio" part="SKY65366-21">
      <fields>
        <field name="Reference">U</field>
        <field name="Value">SKY65366-21</field>
      </fields>
      <pins>
        <pin num="1" name="GND" type="power_in"/>
        <pin num="2" name="TR" type="input"/>
        <pin num="3" name="EN" type="input"/>
        <pin num="4" name="BYP" type="input"/>
        <pin num="5" name="VPC" type="input"/>
        <pin num="6" name="GND" type="power_in"/>
        <pin num="7" name="ANT" type="BiDi"/>
        <pin num="8" name="GND" type="power_in"/>
        <pin num="9" name="GND" type="power_in"/>
        <pin num="10" name="RX1" type="output"/>
        <pin num="11" name="GND" type="power_in"/>
        <pin num="12" name="GND" type="power_in"/>
        <pin num="13" name="RX2" type="input"/>
        <pin num="14" name="RBIAS" type="output"/>
        <pin num="15" name="GND" type="power_in"/>
        <pin num="16" name="VDD1" type="power_in"/>
        <pin num="17" name="VCC_RX" type="power_in"/>
        <pin num="18" name="RX0" type="output"/>
        <pin num="19" name="GND" type="power_in"/>
        <pin num="20" name="TX" type="input"/>
        <pin num="21" name="GND" type="power_in"/>
        <pin num="22" name="GND" type="power_in"/>
        <pin num="23" name="VDD2" type="power_in"/>
        <pin num="24" name="VCC_TX1" type="power_in"/>
        <pin num="25" name="VCC_TX2" type="power_in"/>
        <pin num="26" name="VCC_TX3" type="power_in"/>
        <pin num="27" name="GND" type="power_in"/>
        <pin num="28" name="GND" type="power_in"/>
        <pin num="29" name="GND" type="power_in"/>
      </pins>
    </libpart>
    <libpart lib="SFUSat-Radio" part="SMA">
      <fields>
        <field name="Reference">J</field>
        <field name="Value">SMA</field>
      </fields>
      <pins>
        <pin num="1" name="INNER" type="passive"/>
        <pin num="2" name="OUTER" type="passive"/>
      </pins>
    </libpart>
    <libpart lib="conn" part="TEST_1P">
      <description>point</description>
      <fields>
        <field name="Reference">W</field>
        <field name="Value">TEST_1P</field>
      </fields>
      <pins>
        <pin num="1" name="1" type="passive"/>
      </pins>
    </libpart>
    <libpart lib="SFUSat-Radio" part="TPS799">
      <fields>
        <field name="Reference">U</field>
        <field name="Value">TPS799</field>
      </fields>
      <pins>
        <pin num="1" name="IN" type="power_in"/>
        <pin num="2" name="GND" type="power_in"/>
        <pin num="3" name="EN" type="input"/>
        <pin num="4" name="NR" type="power_out"/>
        <pin num="5" name="OUT" type="power_out"/>
      </pins>
    </libpart>
  </libparts>
  <libraries>
    <library logical="device">
      <uri>C:\Program Files\KiCad\share\kicad\library\device.lib</uri>
    </library>
    <library logical="conn">
      <uri>C:\Program Files\KiCad\share\kicad\library\conn.lib</uri>
    </library>
    <library logical="SFUSat-Radio">
      <uri>C:\Users\Tobi\Documents\School\SatelliteDesignClub\CubeSat-Radio-v0.1\SFUSat-Radio.lib</uri>
    </library>
  </libraries>
  <nets>
    <net code="1" name="GND">
      <node ref="C1" pin="2"/>
      <node ref="C34" pin="2"/>
      <node ref="U4" pin="6"/>
      <node ref="C31" pin="2"/>
      <node ref="U2" pin="30"/>
      <node ref="C6" pin="1"/>
      <node ref="C7" pin="1"/>
      <node ref="C11" pin="1"/>
      <node ref="R7" pin="2"/>
      <node ref="C2" pin="2"/>
      <node ref="C3" pin="2"/>
      <node ref="C16" pin="1"/>
      <node ref="U3" pin="A1"/>
      <node ref="R12" pin="2"/>
      <node ref="U4" pin="4"/>
      <node ref="U3" pin="E1"/>
      <node ref="U7" pin="2"/>
      <node ref="U9" pin="3"/>
      <node ref="U2" pin="33"/>
      <node ref="U4" pin="5"/>
      <node ref="C35" pin="2"/>
      <node ref="C38" pin="2"/>
      <node ref="C32" pin="2"/>
      <node ref="C37" pin="2"/>
      <node ref="C36" pin="2"/>
      <node ref="C13" pin="1"/>
      <node ref="C10" pin="1"/>
      <node ref="C12" pin="1"/>
      <node ref="U8" pin="2"/>
      <node ref="C33" pin="2"/>
      <node ref="C23" pin="2"/>
      <node ref="C24" pin="2"/>
      <node ref="U5" pin="22"/>
      <node ref="U5" pin="12"/>
      <node ref="U5" pin="21"/>
      <node ref="U5" pin="11"/>
      <node ref="U5" pin="9"/>
      <node ref="U5" pin="8"/>
      <node ref="U5" pin="1"/>
      <node ref="U5" pin="6"/>
      <node ref="C25" pin="2"/>
      <node ref="C26" pin="2"/>
      <node ref="C27" pin="2"/>
      <node ref="R9" pin="2"/>
      <node ref="C39" pin="2"/>
      <node ref="C22" pin="2"/>
      <node ref="C4" pin="1"/>
      <node ref="C15" pin="1"/>
      <node ref="R10" pin="2"/>
      <node ref="U5" pin="29"/>
      <node ref="U5" pin="19"/>
      <node ref="U5" pin="27"/>
      <node ref="U5" pin="15"/>
      <node ref="U5" pin="28"/>
      <node ref="SW3" pin="4"/>
      <node ref="C30" pin="2"/>
      <node ref="C28" pin="2"/>
      <node ref="P1" pin="1"/>
      <node ref="U4" pin="13"/>
      <node ref="U4" pin="14"/>
      <node ref="U4" pin="16"/>
      <node ref="U4" pin="17"/>
      <node ref="X1" pin="1"/>
      <node ref="X1" pin="3"/>
      <node ref="U4" pin="15"/>
      <node ref="U4" pin="7"/>
      <node ref="D3" pin="1"/>
      <node ref="U1" pin="1"/>
      <node ref="U1" pin="4"/>
      <node ref="J1" pin="2"/>
      <node ref="U4" pin="8"/>
      <node ref="C8" pin="2"/>
      <node ref="U4" pin="10"/>
      <node ref="U4" pin="11"/>
    </net>
    <net code="2" name="Net-(D3-Pad2)">
      <node ref="R3" pin="2"/>
      <node ref="D3" pin="2"/>
    </net>
    <net code="3" name="/Transceiver/GPIO0">
      <node ref="U2" pin="10"/>
      <node ref="P1" pin="4"/>
    </net>
    <net code="4" name="/Transceiver/GPIO2">
      <node ref="P1" pin="3"/>
      <node ref="U2" pin="4"/>
    </net>
    <net code="5" name="/Transceiver/SCLK">
      <node ref="P1" pin="6"/>
      <node ref="U2" pin="8"/>
    </net>
    <net code="6" name="/Transceiver/MOSI">
      <node ref="P1" pin="8"/>
      <node ref="U2" pin="7"/>
    </net>
    <net code="7" name="/Transceiver/MISO">
      <node ref="U2" pin="9"/>
      <node ref="P1" pin="10"/>
    </net>
    <net code="8" name="Net-(D2-Pad1)">
      <node ref="U1" pin="6"/>
      <node ref="D2" pin="1"/>
    </net>
    <net code="9" name="Net-(D1-Pad1)">
      <node ref="D1" pin="1"/>
      <node ref="U1" pin="3"/>
    </net>
    <net code="10" name="Net-(D2-Pad2)">
      <node ref="R2" pin="2"/>
      <node ref="D2" pin="2"/>
    </net>
    <net code="11" name="/Front_End/3V3">
      <node ref="C24" pin="1"/>
      <node ref="R1" pin="1"/>
      <node ref="C15" pin="2"/>
      <node ref="R2" pin="1"/>
      <node ref="C23" pin="1"/>
      <node ref="U8" pin="1"/>
      <node ref="U4" pin="1"/>
      <node ref="C17" pin="2"/>
      <node ref="R8" pin="2"/>
      <node ref="U2" pin="13"/>
      <node ref="W5" pin="1"/>
      <node ref="U5" pin="16"/>
      <node ref="U5" pin="17"/>
      <node ref="RV1" pin="2"/>
      <node ref="C8" pin="1"/>
      <node ref="SW3" pin="6"/>
      <node ref="P2" pin="3"/>
      <node ref="P4" pin="2"/>
      <node ref="P1" pin="2"/>
      <node ref="U8" pin="3"/>
      <node ref="C1" pin="1"/>
      <node ref="U2" pin="1"/>
      <node ref="U2" pin="5"/>
      <node ref="U2" pin="15"/>
      <node ref="C13" pin="2"/>
      <node ref="U2" pin="22"/>
      <node ref="C10" pin="2"/>
      <node ref="U2" pin="12"/>
      <node ref="R3" pin="1"/>
      <node ref="C7" pin="2"/>
      <node ref="C11" pin="2"/>
      <node ref="C2" pin="1"/>
      <node ref="U2" pin="27"/>
      <node ref="U2" pin="25"/>
      <node ref="C33" pin="1"/>
      <node ref="U2" pin="28"/>
    </net>
    <net code="12" name="Net-(D1-Pad2)">
      <node ref="R1" pin="2"/>
      <node ref="D1" pin="2"/>
    </net>
    <net code="13" name="/Power/OP_3V3">
      <node ref="P4" pin="1"/>
      <node ref="P1" pin="9"/>
    </net>
    <net code="14" name="/Transceiver/CSN">
      <node ref="U2" pin="11"/>
      <node ref="P1" pin="5"/>
    </net>
    <net code="15" name="/Front_End/ANT">
      <node ref="C30" pin="1"/>
      <node ref="L2" pin="1"/>
      <node ref="C29" pin="1"/>
      <node ref="J1" pin="1"/>
    </net>
    <net code="16" name="/Transceiver/RESET">
      <node ref="P1" pin="7"/>
      <node ref="U2" pin="2"/>
    </net>
    <net code="17" name="/Front_End/3V6">
      <node ref="C25" pin="1"/>
      <node ref="C26" pin="1"/>
      <node ref="U9" pin="4"/>
      <node ref="W4" pin="1"/>
      <node ref="U5" pin="26"/>
      <node ref="U5" pin="25"/>
      <node ref="U5" pin="24"/>
      <node ref="C39" pin="1"/>
      <node ref="U5" pin="23"/>
      <node ref="R11" pin="1"/>
      <node ref="C27" pin="1"/>
      <node ref="U1" pin="2"/>
    </net>
    <net code="18" name="/Front_End/EN">
      <node ref="P2" pin="2"/>
      <node ref="P2" pin="1"/>
      <node ref="U5" pin="3"/>
    </net>
    <net code="19" name="/Front_End/RX">
      <node ref="U5" pin="18"/>
      <node ref="C20" pin="1"/>
    </net>
    <net code="20" name="/Front_End/TX">
      <node ref="C21" pin="1"/>
      <node ref="U5" pin="20"/>
    </net>
    <net code="21" name="/Power/Vin">
      <node ref="C32" pin="1"/>
      <node ref="C31" pin="1"/>
      <node ref="C34" pin="1"/>
      <node ref="U7" pin="1"/>
      <node ref="U7" pin="3"/>
      <node ref="U9" pin="1"/>
      <node ref="U9" pin="2"/>
    </net>
    <net code="22" name="/Front_End/PA_ADJ">
      <node ref="P3" pin="1"/>
    </net>
    <net code="23" name="/Power/1V8">
      <node ref="C38" pin="1"/>
      <node ref="X1" pin="6"/>
      <node ref="C4" pin="2"/>
      <node ref="W6" pin="1"/>
      <node ref="U8" pin="5"/>
    </net>
    <net code="24" name="/Front_End/TRX_SIG">
      <node ref="W2" pin="1"/>
      <node ref="U2" pin="3"/>
      <node ref="U4" pin="2"/>
      <node ref="U5" pin="2"/>
      <node ref="U1" pin="5"/>
    </net>
    <net code="25" name="Net-(C12-Pad2)">
      <node ref="U2" pin="26"/>
      <node ref="C12" pin="2"/>
    </net>
    <net code="26" name="Net-(C3-Pad1)">
      <node ref="C3" pin="1"/>
      <node ref="U2" pin="6"/>
    </net>
    <net code="27" name="Net-(C14-Pad2)">
      <node ref="C14" pin="2"/>
      <node ref="U2" pin="23"/>
    </net>
    <net code="28" name="Net-(C16-Pad2)">
      <node ref="C16" pin="2"/>
      <node ref="U2" pin="21"/>
    </net>
    <net code="29" name="Net-(C14-Pad1)">
      <node ref="U2" pin="24"/>
      <node ref="C14" pin="1"/>
    </net>
    <net code="30" name="Net-(R7-Pad1)">
      <node ref="U2" pin="14"/>
      <node ref="R7" pin="1"/>
    </net>
    <net code="31" name="Net-(X1-Pad5)">
      <node ref="X1" pin="5"/>
    </net>
    <net code="32" name="Net-(C5-Pad2)">
      <node ref="X1" pin="4"/>
      <node ref="C5" pin="2"/>
    </net>
    <net code="33" name="Net-(X1-Pad2)">
      <node ref="X1" pin="2"/>
    </net>
    <net code="34" name="Net-(C21-Pad2)">
      <node ref="U4" pin="9"/>
      <node ref="C21" pin="2"/>
    </net>
    <net code="35" name="Net-(C19-Pad1)">
      <node ref="U3" pin="C1"/>
      <node ref="C19" pin="1"/>
    </net>
    <net code="36" name="/Transceiver/RF_TRX">
      <node ref="U3" pin="D3"/>
      <node ref="U2" pin="18"/>
    </net>
    <net code="37" name="/Transceiver/RF_LNAP">
      <node ref="U3" pin="B3"/>
      <node ref="U2" pin="19"/>
    </net>
    <net code="38" name="/Transceiver/RF_LNAN">
      <node ref="U2" pin="20"/>
      <node ref="U3" pin="A3"/>
    </net>
    <net code="39" name="Net-(C18-Pad1)">
      <node ref="U3" pin="E2"/>
      <node ref="C18" pin="1"/>
    </net>
    <net code="40" name="Net-(C19-Pad2)">
      <node ref="U4" pin="3"/>
      <node ref="C19" pin="2"/>
    </net>
    <net code="41" name="Net-(C5-Pad1)">
      <node ref="W1" pin="1"/>
      <node ref="C5" pin="1"/>
      <node ref="U2" pin="32"/>
    </net>
    <net code="42" name="/Transceiver/RF_PA">
      <node ref="U2" pin="17"/>
      <node ref="L1" pin="1"/>
      <node ref="C18" pin="2"/>
      <node ref="U3" pin="E3"/>
    </net>
    <net code="43" name="Net-(C20-Pad2)">
      <node ref="C20" pin="2"/>
      <node ref="U4" pin="12"/>
    </net>
    <net code="44" name="Net-(C17-Pad1)">
      <node ref="L1" pin="2"/>
      <node ref="R8" pin="1"/>
      <node ref="C17" pin="1"/>
    </net>
    <net code="45" name="Net-(C6-Pad2)">
      <node ref="U2" pin="29"/>
      <node ref="C6" pin="2"/>
    </net>
    <net code="46" name="Net-(U2-Pad31)">
      <node ref="U2" pin="31"/>
    </net>
    <net code="47" name="Net-(U2-Pad16)">
      <node ref="U2" pin="16"/>
    </net>
    <net code="48" name="Net-(R9-Pad1)">
      <node ref="U5" pin="14"/>
      <node ref="R9" pin="1"/>
    </net>
    <net code="49" name="Net-(U5-Pad10)">
      <node ref="U5" pin="13"/>
      <node ref="U5" pin="10"/>
    </net>
    <net code="50" name="Net-(C28-Pad1)">
      <node ref="C28" pin="1"/>
      <node ref="L2" pin="2"/>
      <node ref="U5" pin="7"/>
      <node ref="C29" pin="2"/>
    </net>
    <net code="51" name="Net-(SW3-Pad3)">
      <node ref="SW3" pin="3"/>
    </net>
    <net code="52" name="/Front_End/BYP">
      <node ref="SW3" pin="5"/>
      <node ref="U5" pin="4"/>
    </net>
    <net code="53" name="Net-(SW3-Pad2)">
      <node ref="SW3" pin="2"/>
    </net>
    <net code="54" name="/Front_End/VPC">
      <node ref="C22" pin="1"/>
      <node ref="U5" pin="5"/>
      <node ref="P3" pin="2"/>
    </net>
    <net code="55" name="Net-(P3-Pad3)">
      <node ref="RV1" pin="3"/>
      <node ref="R10" pin="1"/>
      <node ref="W3" pin="1"/>
      <node ref="P3" pin="3"/>
    </net>
    <net code="56" name="Net-(RV1-Pad1)">
      <node ref="RV1" pin="1"/>
    </net>
    <net code="57" name="Net-(SW3-Pad1)">
      <node ref="SW3" pin="1"/>
    </net>
    <net code="58" name="/Power/REG_3.3">
      <node ref="C37" pin="1"/>
      <node ref="U7" pin="5"/>
      <node ref="P4" pin="3"/>
    </net>
    <net code="59" name="Net-(C35-Pad1)">
      <node ref="C35" pin="1"/>
      <node ref="U8" pin="4"/>
    </net>
    <net code="60" name="Net-(R11-Pad2)">
      <node ref="R12" pin="1"/>
      <node ref="R11" pin="2"/>
      <node ref="U9" pin="5"/>
    </net>
    <net code="61" name="Net-(C36-Pad1)">
      <node ref="C36" pin="1"/>
      <node ref="U7" pin="4"/>
    </net>
  </nets>
</export>
